participant_id,session_id,group,timepoint,practice_layer,practice_protocol_version,telemetry_enabled,telemetry_version,task_name,task_order_index,block_name,block_type,block_index,trial_index_within_block,trial_index_global,practice_or_formal,condition_label,random_seed,screen_refresh_hz,timestamp_iso,omission,aborted,pause_count_during_trial,repeated_practice_round,intended_trial_start_ms,actual_trial_start_ms,condition,target_direction,flankers_direction,array_pattern_text,correct_response_key,participant_response_key,response_correct,rt_ms,response_time_global_ms,feedback_type,practice_pass_flag,intended_onset_ms,actual_onset_global_ms,actual_offset_global_ms,stage_duration_planned_ms,stage_duration_actual_ms,actual_trial_end_ms,stage_records_json,feedback_audio_file,feedback_audio_start_global_ms,feedback_audio_expected_duration_ms,feedback_audio_stop_global_ms
017,017_T1_20260425_151123,PCPA,T1,standard,hci_substudy_v2,1,telemetry_v4,flanker,1,practice_single,practice,1,1,1,practice,practice_single,1777101083,60.037,2026-04-25T15:11:55.521,0,0,0,1,24943.082,24990.892,practice_single,left,none,<,s,s,1,1810.31,26892.895,correct,,25043.082,25082.585,26892.895,3000,1810.31,27492.895,"[{""stage_name"": ""fixation"", ""planned_duration_ms"": 100, ""intended_onset_ms"": 24943.082, ""actual_onset_global_ms"": 24990.892, ""actual_offset_global_ms"": 25071.903, ""actual_duration_ms"": 81.011}, {""stage_name"": ""stimulus"", ""planned_duration_ms"": 3000, ""intended_onset_ms"": 25043.082, ""actual_onset_global_ms"": 25082.585, ""actual_offset_global_ms"": 26892.895, ""actual_duration_ms"": 1810.31}, {""stage_name"": ""feedback"", ""planned_duration_ms"": 600, ""intended_onset_ms"": 26892.895, ""actual_onset_global_ms"": 26960.771, ""actual_offset_global_ms"": 27555.502, ""actual_duration_ms"": 594.731}]",correct.wav,26932.398,600.0,27532.398
017,017_T1_20260425_151123,PCPA,T1,standard,hci_substudy_v2,1,telemetry_v4,flanker,1,practice_single,practice,1,2,2,practice,practice_single,1777101083,60.037,2026-04-25T15:11:58.125,0,0,0,1,27547.126,27565.893,practice_single,right,none,>,j,j,1,1346.417,29020.64,correct,,27647.126,27674.223,29020.64,3000,1346.417,29620.64,"[{""stage_name"": ""fixation"", ""planned_duration_ms"": 100, ""intended_onset_ms"": 27547.126, ""actual_onset_global_ms"": 27565.893, ""actual_offset_global_ms"": 27673.177, ""actual_duration_ms"": 107.284}, {""stage_name"": ""stimulus"", ""planned_duration_ms"": 3000, ""intended_onset_ms"": 27647.126, ""actual_onset_global_ms"": 27674.223, ""actual_offset_global_ms"": 29020.64, ""actual_duration_ms"": 1346.417}, {""stage_name"": ""feedback"", ""planned_duration_ms"": 600, ""intended_onset_ms"": 29020.64, ""actual_onset_global_ms"": 29040.595, ""actual_offset_global_ms"": 29654.991, ""actual_duration_ms"": 614.396}]",correct.wav,29023.826,600.0,29623.826
017,017_T1_20260425_151123,PCPA,T1,standard,hci_substudy_v2,1,telemetry_v4,flanker,1,practice_single,practice,1,3,3,practice,practice_single,1777101083,60.037,2026-04-25T15:12:00.223,0,0,0,1,29645.718,29674.513,practice_single,left,none,<,s,s,1,1385.271,31158.475,correct,,29745.718,29773.204,31158.475,3000,1385.271,31758.475,"[{""stage_name"": ""fixation"", ""planned_duration_ms"": 100, ""intended_onset_ms"": 29645.718, ""actual_onset_global_ms"": 29674.513, ""actual_offset_global_ms"": 29772.906, ""actual_duration_ms"": 98.393}, {""stage_name"": ""stimulus"", ""planned_duration_ms"": 3000, ""intended_onset_ms"": 29745.718, ""actual_onset_global_ms"": 29773.204, ""actual_offset_global_ms"": 31158.475, ""actual_duration_ms"": 1385.271}, {""stage_name"": ""feedback"", ""planned_duration_ms"": 600, ""intended_onset_ms"": 31158.475, ""actual_onset_global_ms"": 31189.513, ""actual_offset_global_ms"": 31805.195, ""actual_duration_ms"": 615.682}]",correct.wav,31173.29,600.0,31773.29
017,017_T1_20260425_151123,PCPA,T1,standard,hci_substudy_v2,1,telemetry_v4,flanker,1,practice_single,practice,1,4,4,practice,practice_single,1777101083,60.037,2026-04-25T15:12:02.374,0,0,0,1,31796.587,31814.302,practice_single,right,none,>,j,j,1,1423.589,33347.171,correct,,31896.587,31923.582,33347.171,3000,1423.589,33947.171,"[{""stage_name"": ""fixation"", ""planned_duration_ms"": 100, ""intended_onset_ms"": 31796.587, ""actual_onset_global_ms"": 31814.302, ""actual_offset_global_ms"": 31922.125, ""actual_duration_ms"": 107.823}, {""stage_name"": ""stimulus"", ""planned_duration_ms"": 3000, ""intended_onset_ms"": 31896.587, ""actual_onset_global_ms"": 31923.582, ""actual_offset_global_ms"": 33347.171, ""actual_duration_ms"": 1423.589}, {""stage_name"": ""feedback"", ""planned_duration_ms"": 600, ""intended_onset_ms"": 33347.171, ""actual_onset_global_ms"": 33373.229, ""actual_offset_global_ms"": 33973.872, ""actual_duration_ms"": 600.643}]",correct.wav,33357.163,600.0,33957.163
017,017_T1_20260425_151123,PCPA,T1,standard,hci_substudy_v2,1,telemetry_v4,flanker,1,practice_single,practice,1,5,5,practice,practice_single,1777101083,60.037,2026-04-25T15:12:04.543,0,0,0,1,33964.666,33985.91,practice_single,left,none,<,s,s,1,1193.328,35285.631,correct,,34064.666,34092.303,35285.631,3000,1193.328,35885.631,"[{""stage_name"": ""fixation"", ""planned_duration_ms"": 100, ""intended_onset_ms"": 33964.666, ""actual_onset_global_ms"": 33985.91, ""actual_offset_global_ms"": 34091.003, ""actual_duration_ms"": 105.093}, {""stage_name"": ""stimulus"", ""planned_duration_ms"": 3000, ""intended_onset_ms"": 34064.666, ""actual_onset_global_ms"": 34092.303, ""actual_offset_global_ms"": 35285.631, ""actual_duration_ms"": 1193.328}, {""stage_name"": ""feedback"", ""planned_duration_ms"": 600, ""intended_onset_ms"": 35285.631, ""actual_onset_global_ms"": 35310.107, ""actual_offset_global_ms"": 35924.632, ""actual_duration_ms"": 614.525}]",correct.wav,35294.088,600.0,35894.088
017,017_T1_20260425_151123,PCPA,T1,standard,hci_substudy_v2,1,telemetry_v4,flanker,1,practice_single,practice,1,6,6,practice,practice_single,1777101083,60.037,2026-04-25T15:12:06.493,0,0,0,1,35915.34,35933.299,practice_single,right,none,>,j,j,1,1487.613,37528.223,correct,,36015.34,36040.61,37528.223,3000,1487.613,38128.223,"[{""stage_name"": ""fixation"", ""planned_duration_ms"": 100, ""intended_onset_ms"": 35915.34, ""actual_onset_global_ms"": 35933.299, ""actual_offset_global_ms"": 36039.54, ""actual_duration_ms"": 106.241}, {""stage_name"": ""stimulus"", ""planned_duration_ms"": 3000, ""intended_onset_ms"": 36015.34, ""actual_onset_global_ms"": 36040.61, ""actual_offset_global_ms"": 37528.223, ""actual_duration_ms"": 1487.613}, {""stage_name"": ""feedback"", ""planned_duration_ms"": 600, ""intended_onset_ms"": 37528.223, ""actual_onset_global_ms"": 37551.681, ""actual_offset_global_ms"": 38165.664, ""actual_duration_ms"": 613.983}]",correct.wav,37537.53,600.0,38137.53
017,017_T1_20260425_151123,PCPA,T1,standard,hci_substudy_v2,1,telemetry_v4,flanker,1,practice_full,practice,2,1,7,practice,incongruent,1777101083,60.037,2026-04-25T15:12:10.381,0,0,0,1,39803.337,39823.381,incongruent,left,right,>><>>,s,s,1,5159.105,45093.121,correct,1.0,39903.337,39934.016,45093.121,3000,5159.105,45693.121,"[{""stage_name"": ""fixation"", ""planned_duration_ms"": 100, ""intended_onset_ms"": 39803.337, ""actual_onset_global_ms"": 39823.381, ""actual_offset_global_ms"": 39930.919, ""actual_duration_ms"": 107.538}, {""stage_name"": ""stimulus"", ""planned_duration_ms"": 3000, ""intended_onset_ms"": 39903.337, ""actual_onset_global_ms"": 39934.016, ""actual_offset_global_ms"": 45093.121, ""actual_duration_ms"": 5159.105}, {""stage_name"": ""feedback"", ""planned_duration_ms"": 600, ""intended_onset_ms"": 45093.121, ""actual_onset_global_ms"": 45126.03, ""actual_offset_global_ms"": 45738.768, ""actual_duration_ms"": 612.738}]",correct.wav,45109.38,600.0,45709.38
017,017_T1_20260425_151123,PCPA,T1,standard,hci_substudy_v2,1,telemetry_v4,flanker,1,practice_full,practice,2,2,8,practice,incongruent,1777101083,60.037,2026-04-25T15:12:16.308,0,0,0,1,45730.559,45753.575,incongruent,right,left,<<><<,j,j,1,2362.07,48220.452,correct,1.0,45830.559,45858.382,48220.452,3000,2362.07,48820.452,"[{""stage_name"": ""fixation"", ""planned_duration_ms"": 100, ""intended_onset_ms"": 45730.559, ""actual_onset_global_ms"": 45753.575, ""actual_offset_global_ms"": 45855.075, ""actual_duration_ms"": 101.5}, {""stage_name"": ""stimulus"", ""planned_duration_ms"": 3000, ""intended_onset_ms"": 45830.559, ""actual_onset_global_ms"": 45858.382, ""actual_offset_global_ms"": 48220.452, ""actual_duration_ms"": 2362.07}, {""stage_name"": ""feedback"", ""planned_duration_ms"": 600, ""intended_onset_ms"": 48220.452, ""actual_onset_global_ms"": 48243.125, ""actual_offset_global_ms"": 48855.595, ""actual_duration_ms"": 612.47}]",correct.wav,48226.609,600.0,48826.609
017,017_T1_20260425_151123,PCPA,T1,standard,hci_substudy_v2,1,telemetry_v4,flanker,1,practice_full,practice,2,3,9,practice,congruent,1777101083,60.037,2026-04-25T15:12:19.424,0,0,0,1,48847.148,48864.129,congruent,left,left,<<<<<,s,s,1,2157.66,51128.684,correct,1.0,48947.148,48971.024,51128.684,3000,2157.66,51728.684,"[{""stage_name"": ""fixation"", ""planned_duration_ms"": 100, ""intended_onset_ms"": 48847.148, ""actual_onset_global_ms"": 48864.129, ""actual_offset_global_ms"": 48969.714, ""actual_duration_ms"": 105.585}, {""stage_name"": ""stimulus"", ""planned_duration_ms"": 3000, ""intended_onset_ms"": 48947.148, ""actual_onset_global_ms"": 48971.024, ""actual_offset_global_ms"": 51128.684, ""actual_duration_ms"": 2157.66}, {""stage_name"": ""feedback"", ""planned_duration_ms"": 600, ""intended_onset_ms"": 51128.684, ""actual_onset_global_ms"": 51158.569, ""actual_offset_global_ms"": 51771.438, ""actual_duration_ms"": 612.869}]",correct.wav,51141.266,600.0,51741.266
017,017_T1_20260425_151123,PCPA,T1,standard,hci_substudy_v2,1,telemetry_v4,flanker,1,practice_full,practice,2,4,10,practice,congruent,1777101083,60.037,2026-04-25T15:12:22.337,0,0,0,1,51759.268,51776.982,congruent,left,left,<<<<<,s,s,1,2002.072,53896.258,correct,1.0,51859.268,51894.186,53896.258,3000,2002.072,54496.258,"[{""stage_name"": ""fixation"", ""planned_duration_ms"": 100, ""intended_onset_ms"": 51759.268, ""actual_onset_global_ms"": 51776.982, ""actual_offset_global_ms"": 51890.786, ""actual_duration_ms"": 113.804}, {""stage_name"": ""stimulus"", ""planned_duration_ms"": 3000, ""intended_onset_ms"": 51859.268, ""actual_onset_global_ms"": 51894.186, ""actual_offset_global_ms"": 53896.258, ""actual_duration_ms"": 2002.072}, {""stage_name"": ""feedback"", ""planned_duration_ms"": 600, ""intended_onset_ms"": 53896.258, ""actual_onset_global_ms"": 53923.637, ""actual_offset_global_ms"": 54538.231, ""actual_duration_ms"": 614.594}]",correct.wav,53908.518,600.0,54508.518
017,017_T1_20260425_151123,PCPA,T1,standard,hci_substudy_v2,1,telemetry_v4,flanker,1,practice_full,practice,2,5,11,practice,congruent,1777101083,60.037,2026-04-25T15:12:25.107,0,0,0,1,54529.954,54549.201,congruent,right,right,>>>>>,j,j,1,1525.558,56185.019,correct,1.0,54629.954,54659.461,56185.019,3000,1525.558,56785.019,"[{""stage_name"": ""fixation"", ""planned_duration_ms"": 100, ""intended_onset_ms"": 54529.954, ""actual_onset_global_ms"": 54549.201, ""actual_offset_global_ms"": 54656.218, ""actual_duration_ms"": 107.017}, {""stage_name"": ""stimulus"", ""planned_duration_ms"": 3000, ""intended_onset_ms"": 54629.954, ""actual_onset_global_ms"": 54659.461, ""actual_offset_global_ms"": 56185.019, ""actual_duration_ms"": 1525.558}, {""stage_name"": ""feedback"", ""planned_duration_ms"": 600, ""intended_onset_ms"": 56185.019, ""actual_onset_global_ms"": 56223.81, ""actual_offset_global_ms"": 56824.191, ""actual_duration_ms"": 600.381}]",correct.wav,56207.198,600.0,56807.198
017,017_T1_20260425_151123,PCPA,T1,standard,hci_substudy_v2,1,telemetry_v4,flanker,1,practice_full,practice,2,6,12,practice,incongruent,1777101083,60.037,2026-04-25T15:12:27.394,0,0,0,1,56816.525,56838.281,incongruent,right,left,<<><<,j,j,1,3362.887,60306.752,correct,1.0,56916.525,56943.865,60306.752,3000,3362.887,60906.752,"[{""stage_name"": ""fixation"", ""planned_duration_ms"": 100, ""intended_onset_ms"": 56816.525, ""actual_onset_global_ms"": 56838.281, ""actual_offset_global_ms"": 56940.092, ""actual_duration_ms"": 101.811}, {""stage_name"": ""stimulus"", ""planned_duration_ms"": 3000, ""intended_onset_ms"": 56916.525, ""actual_onset_global_ms"": 56943.865, ""actual_offset_global_ms"": 60306.752, ""actual_duration_ms"": 3362.887}, {""stage_name"": ""feedback"", ""planned_duration_ms"": 600, ""intended_onset_ms"": 60306.752, ""actual_onset_global_ms"": 60339.728, ""actual_offset_global_ms"": 60954.666, ""actual_duration_ms"": 614.938}]",correct.wav,60323.463,600.0,60923.463
017,017_T1_20260425_151123,PCPA,T1,standard,hci_substudy_v2,1,telemetry_v4,flanker,1,formal_block_1,formal,1,1,13,formal,incongruent,1777101083,60.037,2026-04-25T15:12:36.598,0,0,0,1,66020.617,66043.465,incongruent,left,right,>><>>,s,s,1,1942.593,68096.673,none,,66120.617,66154.08,68096.673,3000,1942.593,68096.673,"[{""stage_name"": ""fixation"", ""planned_duration_ms"": 100, ""intended_onset_ms"": 66020.617, ""actual_onset_global_ms"": 66043.465, ""actual_offset_global_ms"": 66145.706, ""actual_duration_ms"": 102.241}, {""stage_name"": ""stimulus"", ""planned_duration_ms"": 3000, ""intended_onset_ms"": 66120.617, ""actual_onset_global_ms"": 66154.08, ""actual_offset_global_ms"": 68096.673, ""actual_duration_ms"": 1942.593}]",,,,
017,017_T1_20260425_151123,PCPA,T1,standard,hci_substudy_v2,1,telemetry_v4,flanker,1,formal_block_1,formal,1,2,14,formal,congruent,1777101083,60.037,2026-04-25T15:12:38.692,0,0,0,1,68114.797,68128.903,congruent,right,right,>>>>>,j,j,1,2378.812,70621.342,none,,68214.797,68242.53,70621.342,3000,2378.812,70621.342,"[{""stage_name"": ""fixation"", ""planned_duration_ms"": 100, ""intended_onset_ms"": 68114.797, ""actual_onset_global_ms"": 68128.903, ""actual_offset_global_ms"": 68238.7, ""actual_duration_ms"": 109.797}, {""stage_name"": ""stimulus"", ""planned_duration_ms"": 3000, ""intended_onset_ms"": 68214.797, ""actual_onset_global_ms"": 68242.53, ""actual_offset_global_ms"": 70621.342, ""actual_duration_ms"": 2378.812}]",,,,
017,017_T1_20260425_151123,PCPA,T1,standard,hci_substudy_v2,1,telemetry_v4,flanker,1,formal_block_1,formal,1,3,15,formal,congruent,1777101083,60.037,2026-04-25T15:12:41.217,0,0,0,1,70639.622,70661.806,congruent,left,left,<<<<<,s,s,1,1498.122,72274.778,none,,70739.622,70776.656,72274.778,3000,1498.122,72274.778,"[{""stage_name"": ""fixation"", ""planned_duration_ms"": 100, ""intended_onset_ms"": 70639.622, ""actual_onset_global_ms"": 70661.806, ""actual_offset_global_ms"": 70772.41, ""actual_duration_ms"": 110.604}, {""stage_name"": ""stimulus"", ""planned_duration_ms"": 3000, ""intended_onset_ms"": 70739.622, ""actual_onset_global_ms"": 70776.656, ""actual_offset_global_ms"": 72274.778, ""actual_duration_ms"": 1498.122}]",,,,
017,017_T1_20260425_151123,PCPA,T1,standard,hci_substudy_v2,1,telemetry_v4,flanker,1,formal_block_1,formal,1,4,16,formal,incongruent,1777101083,60.037,2026-04-25T15:12:42.871,0,0,0,1,72294.204,72313.261,incongruent,left,right,>><>>,s,j,0,1277.462,73699.493,none,,72394.204,72422.031,73699.493,3000,1277.462,73699.493,"[{""stage_name"": ""fixation"", ""planned_duration_ms"": 100, ""intended_onset_ms"": 72294.204, ""actual_onset_global_ms"": 72313.261, ""actual_offset_global_ms"": 72416.493, ""actual_duration_ms"": 103.232}, {""stage_name"": ""stimulus"", ""planned_duration_ms"": 3000, ""intended_onset_ms"": 72394.204, ""actual_onset_global_ms"": 72422.031, ""actual_offset_global_ms"": 73699.493, ""actual_duration_ms"": 1277.462}]",,,,
017,017_T1_20260425_151123,PCPA,T1,standard,hci_substudy_v2,1,telemetry_v4,flanker,1,formal_block_1,formal,1,5,17,formal,congruent,1777101083,60.037,2026-04-25T15:12:44.297,0,0,0,1,73719.354,73736.222,congruent,left,left,<<<<<,s,s,1,1180.025,75018.826,none,,73819.354,73838.801,75018.826,3000,1180.025,75018.826,"[{""stage_name"": ""fixation"", ""planned_duration_ms"": 100, ""intended_onset_ms"": 73719.354, ""actual_onset_global_ms"": 73736.222, ""actual_offset_global_ms"": 73837.648, ""actual_duration_ms"": 101.426}, {""stage_name"": ""stimulus"", ""planned_duration_ms"": 3000, ""intended_onset_ms"": 73819.354, ""actual_onset_global_ms"": 73838.801, ""actual_offset_global_ms"": 75018.826, ""actual_duration_ms"": 1180.025}]",,,,
017,017_T1_20260425_151123,PCPA,T1,standard,hci_substudy_v2,1,telemetry_v4,flanker,1,formal_block_1,formal,1,6,18,formal,congruent,1777101083,60.037,2026-04-25T15:12:45.608,0,0,0,1,75030.917,75043.364,congruent,right,right,>>>>>,j,j,1,1294.2,76457.773,none,,75130.917,75163.573,76457.773,3000,1294.2,76457.773,"[{""stage_name"": ""fixation"", ""planned_duration_ms"": 100, ""intended_onset_ms"": 75030.917, ""actual_onset_global_ms"": 75043.364, ""actual_offset_global_ms"": 75158.129, ""actual_duration_ms"": 114.765}, {""stage_name"": ""stimulus"", ""planned_duration_ms"": 3000, ""intended_onset_ms"": 75130.917, ""actual_onset_global_ms"": 75163.573, ""actual_offset_global_ms"": 76457.773, ""actual_duration_ms"": 1294.2}]",,,,
017,017_T1_20260425_151123,PCPA,T1,standard,hci_substudy_v2,1,telemetry_v4,flanker,1,formal_block_1,formal,1,7,19,formal,incongruent,1777101083,60.037,2026-04-25T15:12:47.053,0,0,0,1,76476.403,76493.364,incongruent,left,right,>><>>,s,s,1,1287.85,77886.793,none,,76576.403,76598.943,77886.793,3000,1287.85,77886.793,"[{""stage_name"": ""fixation"", ""planned_duration_ms"": 100, ""intended_onset_ms"": 76476.403, ""actual_onset_global_ms"": 76493.364, ""actual_offset_global_ms"": 76594.496, ""actual_duration_ms"": 101.132}, {""stage_name"": ""stimulus"", ""planned_duration_ms"": 3000, ""intended_onset_ms"": 76576.403, ""actual_onset_global_ms"": 76598.943, ""actual_offset_global_ms"": 77886.793, ""actual_duration_ms"": 1287.85}]",,,,
017,017_T1_20260425_151123,PCPA,T1,standard,hci_substudy_v2,1,telemetry_v4,flanker,1,formal_block_1,formal,1,8,20,formal,incongruent,1777101083,60.037,2026-04-25T15:12:48.476,0,0,0,1,77898.531,77919.721,incongruent,right,left,<<><<,j,j,1,1894.026,79920.221,none,,77998.531,78026.195,79920.221,3000,1894.026,79920.221,"[{""stage_name"": ""fixation"", ""planned_duration_ms"": 100, ""intended_onset_ms"": 77898.531, ""actual_onset_global_ms"": 77919.721, ""actual_offset_global_ms"": 78023.215, ""actual_duration_ms"": 103.494}, {""stage_name"": ""stimulus"", ""planned_duration_ms"": 3000, ""intended_onset_ms"": 77998.531, ""actual_onset_global_ms"": 78026.195, ""actual_offset_global_ms"": 79920.221, ""actual_duration_ms"": 1894.026}]",,,,
017,017_T1_20260425_151123,PCPA,T1,standard,hci_substudy_v2,1,telemetry_v4,flanker,1,formal_block_1,formal,1,9,21,formal,incongruent,1777101083,60.037,2026-04-25T15:12:50.528,0,0,0,1,79950.598,79967.613,incongruent,right,left,<<><<,j,j,1,1404.203,81479.588,none,,80050.598,80075.385,81479.588,3000,1404.203,81479.588,"[{""stage_name"": ""fixation"", ""planned_duration_ms"": 100, ""intended_onset_ms"": 79950.598, ""actual_onset_global_ms"": 79967.613, ""actual_offset_global_ms"": 80071.544, ""actual_duration_ms"": 103.931}, {""stage_name"": ""stimulus"", ""planned_duration_ms"": 3000, ""intended_onset_ms"": 80050.598, ""actual_onset_global_ms"": 80075.385, ""actual_offset_global_ms"": 81479.588, ""actual_duration_ms"": 1404.203}]",,,,
017,017_T1_20260425_151123,PCPA,T1,standard,hci_substudy_v2,1,telemetry_v4,flanker,1,formal_block_1,formal,1,10,22,formal,congruent,1777101083,60.037,2026-04-25T15:12:52.083,0,0,0,1,81505.783,81528.095,congruent,left,left,<<<<<,s,s,1,1397.435,83024.402,none,,81605.783,81626.967,83024.402,3000,1397.435,83024.402,"[{""stage_name"": ""fixation"", ""planned_duration_ms"": 100, ""intended_onset_ms"": 81505.783, ""actual_onset_global_ms"": 81528.095, ""actual_offset_global_ms"": 81622.499, ""actual_duration_ms"": 94.404}, {""stage_name"": ""stimulus"", ""planned_duration_ms"": 3000, ""intended_onset_ms"": 81605.783, ""actual_onset_global_ms"": 81626.967, ""actual_offset_global_ms"": 83024.402, ""actual_duration_ms"": 1397.435}]",,,,
017,017_T1_20260425_151123,PCPA,T1,standard,hci_substudy_v2,1,telemetry_v4,flanker,1,formal_block_1,formal,1,11,23,formal,incongruent,1777101083,60.037,2026-04-25T15:12:53.618,0,0,0,1,83040.942,83058.625,incongruent,left,right,>><>>,s,s,1,1583.988,84748.388,none,,83140.942,83164.4,84748.388,3000,1583.988,84748.388,"[{""stage_name"": ""fixation"", ""planned_duration_ms"": 100, ""intended_onset_ms"": 83040.942, ""actual_onset_global_ms"": 83058.625, ""actual_offset_global_ms"": 83158.285, ""actual_duration_ms"": 99.66}, {""stage_name"": ""stimulus"", ""planned_duration_ms"": 3000, ""intended_onset_ms"": 83140.942, ""actual_onset_global_ms"": 83164.4, ""actual_offset_global_ms"": 84748.388, ""actual_duration_ms"": 1583.988}]",,,,
017,017_T1_20260425_151123,PCPA,T1,standard,hci_substudy_v2,1,telemetry_v4,flanker,1,formal_block_1,formal,1,12,24,formal,congruent,1777101083,60.037,2026-04-25T15:12:55.335,0,0,0,1,84757.548,84777.871,congruent,right,right,>>>>>,j,j,1,1183.525,86076.844,none,,84857.548,84893.319,86076.844,3000,1183.525,86076.844,"[{""stage_name"": ""fixation"", ""planned_duration_ms"": 100, ""intended_onset_ms"": 84757.548, ""actual_onset_global_ms"": 84777.871, ""actual_offset_global_ms"": 84889.402, ""actual_duration_ms"": 111.531}, {""stage_name"": ""stimulus"", ""planned_duration_ms"": 3000, ""intended_onset_ms"": 84857.548, ""actual_onset_global_ms"": 84893.319, ""actual_offset_global_ms"": 86076.844, ""actual_duration_ms"": 1183.525}]",,,,
017,017_T1_20260425_151123,PCPA,T1,standard,hci_substudy_v2,1,telemetry_v4,flanker,1,formal_block_1,formal,1,13,25,formal,incongruent,1777101083,60.037,2026-04-25T15:12:56.678,0,0,0,1,86101.098,86119.319,incongruent,right,left,<<><<,j,j,1,1046.99,87276.31,none,,86201.098,86229.32,87276.31,3000,1046.99,87276.31,"[{""stage_name"": ""fixation"", ""planned_duration_ms"": 100, ""intended_onset_ms"": 86101.098, ""actual_onset_global_ms"": 86119.319, ""actual_offset_global_ms"": 86223.346, ""actual_duration_ms"": 104.027}, {""stage_name"": ""stimulus"", ""planned_duration_ms"": 3000, ""intended_onset_ms"": 86201.098, ""actual_onset_global_ms"": 86229.32, ""actual_offset_global_ms"": 87276.31, ""actual_duration_ms"": 1046.99}]",,,,
017,017_T1_20260425_151123,PCPA,T1,standard,hci_substudy_v2,1,telemetry_v4,flanker,1,formal_block_1,formal,1,14,26,formal,congruent,1777101083,60.037,2026-04-25T15:12:57.864,0,0,0,1,87286.646,87304.66,congruent,right,right,>>>>>,j,j,1,1586.766,88996.408,none,,87386.646,87409.642,88996.408,3000,1586.766,88996.408,"[{""stage_name"": ""fixation"", ""planned_duration_ms"": 100, ""intended_onset_ms"": 87286.646, ""actual_onset_global_ms"": 87304.66, ""actual_offset_global_ms"": 87406.165, ""actual_duration_ms"": 101.505}, {""stage_name"": ""stimulus"", ""planned_duration_ms"": 3000, ""intended_onset_ms"": 87386.646, ""actual_onset_global_ms"": 87409.642, ""actual_offset_global_ms"": 88996.408, ""actual_duration_ms"": 1586.766}]",,,,
017,017_T1_20260425_151123,PCPA,T1,standard,hci_substudy_v2,1,telemetry_v4,flanker,1,formal_block_1,formal,1,15,27,formal,congruent,1777101083,60.037,2026-04-25T15:12:59.601,0,0,0,1,89023.542,89045.294,congruent,left,left,<<<<<,s,s,1,1599.999,90759.781,none,,89123.542,89159.782,90759.781,3000,1599.999,90759.781,"[{""stage_name"": ""fixation"", ""planned_duration_ms"": 100, ""intended_onset_ms"": 89023.542, ""actual_onset_global_ms"": 89045.294, ""actual_offset_global_ms"": 89156.603, ""actual_duration_ms"": 111.309}, {""stage_name"": ""stimulus"", ""planned_duration_ms"": 3000, ""intended_onset_ms"": 89123.542, ""actual_onset_global_ms"": 89159.782, ""actual_offset_global_ms"": 90759.781, ""actual_duration_ms"": 1599.999}]",,,,
017,017_T1_20260425_151123,PCPA,T1,standard,hci_substudy_v2,1,telemetry_v4,flanker,1,formal_block_1,formal,1,16,28,formal,incongruent,1777101083,60.037,2026-04-25T15:13:01.359,0,0,0,1,90781.666,90796.899,incongruent,left,right,>><>>,s,s,1,1611.851,92519.358,none,,90881.666,90907.507,92519.358,3000,1611.851,92519.358,"[{""stage_name"": ""fixation"", ""planned_duration_ms"": 100, ""intended_onset_ms"": 90781.666, ""actual_onset_global_ms"": 90796.899, ""actual_offset_global_ms"": 90905.928, ""actual_duration_ms"": 109.029}, {""stage_name"": ""stimulus"", ""planned_duration_ms"": 3000, ""intended_onset_ms"": 90881.666, ""actual_onset_global_ms"": 90907.507, ""actual_offset_global_ms"": 92519.358, ""actual_duration_ms"": 1611.851}]",,,,
017,017_T1_20260425_151123,PCPA,T1,standard,hci_substudy_v2,1,telemetry_v4,flanker,1,formal_block_1,formal,1,17,29,formal,congruent,1777101083,60.037,2026-04-25T15:13:03.121,0,0,0,1,92543.909,92560.702,congruent,right,right,>>>>>,j,j,1,1137.946,93812.925,none,,92643.909,92674.979,93812.925,3000,1137.946,93812.925,"[{""stage_name"": ""fixation"", ""planned_duration_ms"": 100, ""intended_onset_ms"": 92543.909, ""actual_onset_global_ms"": 92560.702, ""actual_offset_global_ms"": 92671.995, ""actual_duration_ms"": 111.293}, {""stage_name"": ""stimulus"", ""planned_duration_ms"": 3000, ""intended_onset_ms"": 92643.909, ""actual_onset_global_ms"": 92674.979, ""actual_offset_global_ms"": 93812.925, ""actual_duration_ms"": 1137.946}]",,,,
017,017_T1_20260425_151123,PCPA,T1,standard,hci_substudy_v2,1,telemetry_v4,flanker,1,formal_block_1,formal,1,18,30,formal,congruent,1777101083,60.037,2026-04-25T15:13:04.419,0,0,0,1,93840.902,93858.977,congruent,left,left,<<<<<,s,s,1,1348.024,95317.718,none,,93940.902,93969.694,95317.718,3000,1348.024,95317.718,"[{""stage_name"": ""fixation"", ""planned_duration_ms"": 100, ""intended_onset_ms"": 93840.902, ""actual_onset_global_ms"": 93858.977, ""actual_offset_global_ms"": 93963.788, ""actual_duration_ms"": 104.811}, {""stage_name"": ""stimulus"", ""planned_duration_ms"": 3000, ""intended_onset_ms"": 93940.902, ""actual_onset_global_ms"": 93969.694, ""actual_offset_global_ms"": 95317.718, ""actual_duration_ms"": 1348.024}]",,,,
017,017_T1_20260425_151123,PCPA,T1,standard,hci_substudy_v2,1,telemetry_v4,flanker,1,formal_block_1,formal,1,19,31,formal,incongruent,1777101083,60.037,2026-04-25T15:13:05.913,0,0,0,1,95335.381,95357.357,incongruent,right,left,<<><<,j,j,1,1253.282,96716.821,none,,95435.381,95463.539,96716.821,3000,1253.282,96716.821,"[{""stage_name"": ""fixation"", ""planned_duration_ms"": 100, ""intended_onset_ms"": 95335.381, ""actual_onset_global_ms"": 95357.357, ""actual_offset_global_ms"": 95455.544, ""actual_duration_ms"": 98.187}, {""stage_name"": ""stimulus"", ""planned_duration_ms"": 3000, ""intended_onset_ms"": 95435.381, ""actual_onset_global_ms"": 95463.539, ""actual_offset_global_ms"": 96716.821, ""actual_duration_ms"": 1253.282}]",,,,
017,017_T1_20260425_151123,PCPA,T1,standard,hci_substudy_v2,1,telemetry_v4,flanker,1,formal_block_1,formal,1,20,32,formal,incongruent,1777101083,60.037,2026-04-25T15:13:07.317,0,0,0,1,96739.672,96761.247,incongruent,right,left,<<><<,j,j,1,2184.846,99050.002,none,,96839.672,96865.156,99050.002,3000,2184.846,99050.002,"[{""stage_name"": ""fixation"", ""planned_duration_ms"": 100, ""intended_onset_ms"": 96739.672, ""actual_onset_global_ms"": 96761.247, ""actual_offset_global_ms"": 96857.135, ""actual_duration_ms"": 95.888}, {""stage_name"": ""stimulus"", ""planned_duration_ms"": 3000, ""intended_onset_ms"": 96839.672, ""actual_onset_global_ms"": 96865.156, ""actual_offset_global_ms"": 99050.002, ""actual_duration_ms"": 2184.846}]",,,,
017,017_T1_20260425_151123,PCPA,T1,standard,hci_substudy_v2,1,telemetry_v4,flanker,1,formal_block_2,formal,2,1,33,formal,incongruent,1777101083,60.037,2026-04-25T15:13:09.641,0,0,0,1,99064.331,99078.934,incongruent,right,left,<<><<,j,j,1,1032.6,100224.814,none,,99164.331,99192.214,100224.814,3000,1032.6,100224.814,"[{""stage_name"": ""fixation"", ""planned_duration_ms"": 100, ""intended_onset_ms"": 99064.331, ""actual_onset_global_ms"": 99078.934, ""actual_offset_global_ms"": 99188.627, ""actual_duration_ms"": 109.693}, {""stage_name"": ""stimulus"", ""planned_duration_ms"": 3000, ""intended_onset_ms"": 99164.331, ""actual_onset_global_ms"": 99192.214, ""actual_offset_global_ms"": 100224.814, ""actual_duration_ms"": 1032.6}]",,,,
017,017_T1_20260425_151123,PCPA,T1,standard,hci_substudy_v2,1,telemetry_v4,flanker,1,formal_block_2,formal,2,2,34,formal,incongruent,1777101083,60.037,2026-04-25T15:13:10.815,0,0,0,1,100238.142,100255.156,incongruent,left,right,>><>>,s,s,1,1405.892,101768.383,none,,100338.142,100362.491,101768.383,3000,1405.892,101768.383,"[{""stage_name"": ""fixation"", ""planned_duration_ms"": 100, ""intended_onset_ms"": 100238.142, ""actual_onset_global_ms"": 100255.156, ""actual_offset_global_ms"": 100357.983, ""actual_duration_ms"": 102.827}, {""stage_name"": ""stimulus"", ""planned_duration_ms"": 3000, ""intended_onset_ms"": 100338.142, ""actual_onset_global_ms"": 100362.491, ""actual_offset_global_ms"": 101768.383, ""actual_duration_ms"": 1405.892}]",,,,
017,017_T1_20260425_151123,PCPA,T1,standard,hci_substudy_v2,1,telemetry_v4,flanker,1,formal_block_2,formal,2,3,35,formal,congruent,1777101083,60.037,2026-04-25T15:13:12.375,0,0,0,1,101798.323,101814.527,congruent,right,right,>>>>>,j,j,1,1520.946,103447.796,none,,101898.323,101926.85,103447.796,3000,1520.946,103447.796,"[{""stage_name"": ""fixation"", ""planned_duration_ms"": 100, ""intended_onset_ms"": 101798.323, ""actual_onset_global_ms"": 101814.527, ""actual_offset_global_ms"": 101920.214, ""actual_duration_ms"": 105.687}, {""stage_name"": ""stimulus"", ""planned_duration_ms"": 3000, ""intended_onset_ms"": 101898.323, ""actual_onset_global_ms"": 101926.85, ""actual_offset_global_ms"": 103447.796, ""actual_duration_ms"": 1520.946}]",,,,
017,017_T1_20260425_151123,PCPA,T1,standard,hci_substudy_v2,1,telemetry_v4,flanker,1,formal_block_2,formal,2,4,36,formal,congruent,1777101083,60.037,2026-04-25T15:13:14.045,0,0,0,1,103468.346,103489.811,congruent,left,left,<<<<<,s,s,1,1357.239,104952.204,none,,103568.346,103594.965,104952.204,3000,1357.239,104952.204,"[{""stage_name"": ""fixation"", ""planned_duration_ms"": 100, ""intended_onset_ms"": 103468.346, ""actual_onset_global_ms"": 103489.811, ""actual_offset_global_ms"": 103586.962, ""actual_duration_ms"": 97.151}, {""stage_name"": ""stimulus"", ""planned_duration_ms"": 3000, ""intended_onset_ms"": 103568.346, ""actual_onset_global_ms"": 103594.965, ""actual_offset_global_ms"": 104952.204, ""actual_duration_ms"": 1357.239}]",,,,
017,017_T1_20260425_151123,PCPA,T1,standard,hci_substudy_v2,1,telemetry_v4,flanker,1,formal_block_2,formal,2,5,37,formal,incongruent,1777101083,60.037,2026-04-25T15:13:15.559,0,0,0,1,104981.937,105000.069,incongruent,right,left,<<><<,j,j,1,2581.676,107691.463,none,,105081.937,105109.787,107691.463,3000,2581.676,107691.463,"[{""stage_name"": ""fixation"", ""planned_duration_ms"": 100, ""intended_onset_ms"": 104981.937, ""actual_onset_global_ms"": 105000.069, ""actual_offset_global_ms"": 105105.616, ""actual_duration_ms"": 105.547}, {""stage_name"": ""stimulus"", ""planned_duration_ms"": 3000, ""intended_onset_ms"": 105081.937, ""actual_onset_global_ms"": 105109.787, ""actual_offset_global_ms"": 107691.463, ""actual_duration_ms"": 2581.676}]",,,,
017,017_T1_20260425_151123,PCPA,T1,standard,hci_substudy_v2,1,telemetry_v4,flanker,1,formal_block_2,formal,2,6,38,formal,incongruent,1777101083,60.037,2026-04-25T15:13:18.292,0,0,0,1,107713.747,107731.743,incongruent,left,right,>><>>,s,s,1,2045.58,109884.734,none,,107813.747,107839.154,109884.734,3000,2045.58,109884.734,"[{""stage_name"": ""fixation"", ""planned_duration_ms"": 100, ""intended_onset_ms"": 107713.747, ""actual_onset_global_ms"": 107731.743, ""actual_offset_global_ms"": 107837.474, ""actual_duration_ms"": 105.731}, {""stage_name"": ""stimulus"", ""planned_duration_ms"": 3000, ""intended_onset_ms"": 107813.747, ""actual_onset_global_ms"": 107839.154, ""actual_offset_global_ms"": 109884.734, ""actual_duration_ms"": 2045.58}]",,,,
017,017_T1_20260425_151123,PCPA,T1,standard,hci_substudy_v2,1,telemetry_v4,flanker,1,formal_block_2,formal,2,7,39,formal,incongruent,1777101083,60.037,2026-04-25T15:13:20.478,0,0,0,1,109900.973,109921.147,incongruent,left,right,>><>>,s,s,1,1454.264,111479.403,none,,110000.973,110025.139,111479.403,3000,1454.264,111479.403,"[{""stage_name"": ""fixation"", ""planned_duration_ms"": 100, ""intended_onset_ms"": 109900.973, ""actual_onset_global_ms"": 109921.147, ""actual_offset_global_ms"": 110020.134, ""actual_duration_ms"": 98.987}, {""stage_name"": ""stimulus"", ""planned_duration_ms"": 3000, ""intended_onset_ms"": 110000.973, ""actual_onset_global_ms"": 110025.139, ""actual_offset_global_ms"": 111479.403, ""actual_duration_ms"": 1454.264}]",,,,
017,017_T1_20260425_151123,PCPA,T1,standard,hci_substudy_v2,1,telemetry_v4,flanker,1,formal_block_2,formal,2,8,40,formal,congruent,1777101083,60.037,2026-04-25T15:13:22.067,0,0,0,1,111490.305,111508.692,congruent,right,right,>>>>>,j,j,1,1421.899,113043.867,none,,111590.305,111621.968,113043.867,3000,1421.899,113043.867,"[{""stage_name"": ""fixation"", ""planned_duration_ms"": 100, ""intended_onset_ms"": 111490.305, ""actual_onset_global_ms"": 111508.692, ""actual_offset_global_ms"": 111616.508, ""actual_duration_ms"": 107.816}, {""stage_name"": ""stimulus"", ""planned_duration_ms"": 3000, ""intended_onset_ms"": 111590.305, ""actual_onset_global_ms"": 111621.968, ""actual_offset_global_ms"": 113043.867, ""actual_duration_ms"": 1421.899}]",,,,
017,017_T1_20260425_151123,PCPA,T1,standard,hci_substudy_v2,1,telemetry_v4,flanker,1,formal_block_2,formal,2,9,41,formal,congruent,1777101083,60.037,2026-04-25T15:13:23.631,0,0,0,1,113053.793,113077.192,congruent,left,left,<<<<<,s,s,1,2802.084,115980.985,none,,113153.793,113178.901,115980.985,3000,2802.084,115980.985,"[{""stage_name"": ""fixation"", ""planned_duration_ms"": 100, ""intended_onset_ms"": 113053.793, ""actual_onset_global_ms"": 113077.192, ""actual_offset_global_ms"": 113175.44, ""actual_duration_ms"": 98.248}, {""stage_name"": ""stimulus"", ""planned_duration_ms"": 3000, ""intended_onset_ms"": 113153.793, ""actual_onset_global_ms"": 113178.901, ""actual_offset_global_ms"": 115980.985, ""actual_duration_ms"": 2802.084}]",,,,
017,017_T1_20260425_151123,PCPA,T1,standard,hci_substudy_v2,1,telemetry_v4,flanker,1,formal_block_2,formal,2,10,42,formal,incongruent,1777101083,60.037,2026-04-25T15:13:26.589,0,0,0,1,116011.83,116028.101,incongruent,right,left,<<><<,j,j,1,1884.462,118026.041,none,,116111.83,116141.579,118026.041,3000,1884.462,118026.041,"[{""stage_name"": ""fixation"", ""planned_duration_ms"": 100, ""intended_onset_ms"": 116011.83, ""actual_onset_global_ms"": 116028.101, ""actual_offset_global_ms"": 116138.329, ""actual_duration_ms"": 110.228}, {""stage_name"": ""stimulus"", ""planned_duration_ms"": 3000, ""intended_onset_ms"": 116111.83, ""actual_onset_global_ms"": 116141.579, ""actual_offset_global_ms"": 118026.041, ""actual_duration_ms"": 1884.462}]",,,,
017,017_T1_20260425_151123,PCPA,T1,standard,hci_substudy_v2,1,telemetry_v4,flanker,1,formal_block_2,formal,2,11,43,formal,congruent,1777101083,60.037,2026-04-25T15:13:28.613,0,0,0,1,118035.773,118057.217,congruent,left,left,<<<<<,s,s,1,1477.43,119634.896,none,,118135.773,118157.466,119634.896,3000,1477.43,119634.896,"[{""stage_name"": ""fixation"", ""planned_duration_ms"": 100, ""intended_onset_ms"": 118035.773, ""actual_onset_global_ms"": 118057.217, ""actual_offset_global_ms"": 118154.185, ""actual_duration_ms"": 96.968}, {""stage_name"": ""stimulus"", ""planned_duration_ms"": 3000, ""intended_onset_ms"": 118135.773, ""actual_onset_global_ms"": 118157.466, ""actual_offset_global_ms"": 119634.896, ""actual_duration_ms"": 1477.43}]",,,,
017,017_T1_20260425_151123,PCPA,T1,standard,hci_substudy_v2,1,telemetry_v4,flanker,1,formal_block_2,formal,2,12,44,formal,incongruent,1777101083,60.037,2026-04-25T15:13:30.231,0,0,0,1,119653.557,119674.073,incongruent,right,left,<<><<,j,j,1,1501.485,121277.795,none,,119753.557,119776.31,121277.795,3000,1501.485,121277.795,"[{""stage_name"": ""fixation"", ""planned_duration_ms"": 100, ""intended_onset_ms"": 119653.557, ""actual_onset_global_ms"": 119674.073, ""actual_offset_global_ms"": 119771.859, ""actual_duration_ms"": 97.786}, {""stage_name"": ""stimulus"", ""planned_duration_ms"": 3000, ""intended_onset_ms"": 119753.557, ""actual_onset_global_ms"": 119776.31, ""actual_offset_global_ms"": 121277.795, ""actual_duration_ms"": 1501.485}]",,,,
017,017_T1_20260425_151123,PCPA,T1,standard,hci_substudy_v2,1,telemetry_v4,flanker,1,formal_block_2,formal,2,13,45,formal,incongruent,1777101083,60.037,2026-04-25T15:13:31.881,0,0,0,1,121303.823,121319.731,incongruent,left,right,>><>>,s,s,1,5088.357,126525.555,none,,121403.823,121437.198,126525.555,3000,5088.357,126525.555,"[{""stage_name"": ""fixation"", ""planned_duration_ms"": 100, ""intended_onset_ms"": 121303.823, ""actual_onset_global_ms"": 121319.731, ""actual_offset_global_ms"": 121438.026, ""actual_duration_ms"": 118.295}, {""stage_name"": ""stimulus"", ""planned_duration_ms"": 3000, ""intended_onset_ms"": 121403.823, ""actual_onset_global_ms"": 121437.198, ""actual_offset_global_ms"": 126525.555, ""actual_duration_ms"": 5088.357}]",,,,
017,017_T1_20260425_151123,PCPA,T1,standard,hci_substudy_v2,1,telemetry_v4,flanker,1,formal_block_2,formal,2,14,46,formal,congruent,1777101083,60.037,2026-04-25T15:13:37.121,0,0,0,1,126543.554,126556.907,congruent,right,right,>>>>>,j,j,1,1437.479,128109.581,none,,126643.554,126672.102,128109.581,3000,1437.479,128109.581,"[{""stage_name"": ""fixation"", ""planned_duration_ms"": 100, ""intended_onset_ms"": 126543.554, ""actual_onset_global_ms"": 126556.907, ""actual_offset_global_ms"": 126669.394, ""actual_duration_ms"": 112.487}, {""stage_name"": ""stimulus"", ""planned_duration_ms"": 3000, ""intended_onset_ms"": 126643.554, ""actual_onset_global_ms"": 126672.102, ""actual_offset_global_ms"": 128109.581, ""actual_duration_ms"": 1437.479}]",,,,
017,017_T1_20260425_151123,PCPA,T1,standard,hci_substudy_v2,1,telemetry_v4,flanker,1,formal_block_2,formal,2,15,47,formal,congruent,1777101083,60.037,2026-04-25T15:13:38.714,0,0,0,1,128136.675,128153.555,congruent,left,left,<<<<<,s,s,1,690.868,128949.273,none,,128236.675,128258.405,128949.273,3000,690.868,128949.273,"[{""stage_name"": ""fixation"", ""planned_duration_ms"": 100, ""intended_onset_ms"": 128136.675, ""actual_onset_global_ms"": 128153.555, ""actual_offset_global_ms"": 128254.855, ""actual_duration_ms"": 101.3}, {""stage_name"": ""stimulus"", ""planned_duration_ms"": 3000, ""intended_onset_ms"": 128236.675, ""actual_onset_global_ms"": 128258.405, ""actual_offset_global_ms"": 128949.273, ""actual_duration_ms"": 690.868}]",,,,
017,017_T1_20260425_151123,PCPA,T1,standard,hci_substudy_v2,1,telemetry_v4,flanker,1,formal_block_2,formal,2,16,48,formal,incongruent,1777101083,60.037,2026-04-25T15:13:39.542,0,0,0,1,128964.581,128985.783,incongruent,right,left,<<><<,j,j,1,855.297,129948.249,none,,129064.581,129092.952,129948.249,3000,855.297,129948.249,"[{""stage_name"": ""fixation"", ""planned_duration_ms"": 100, ""intended_onset_ms"": 128964.581, ""actual_onset_global_ms"": 128985.783, ""actual_offset_global_ms"": 129088.881, ""actual_duration_ms"": 103.098}, {""stage_name"": ""stimulus"", ""planned_duration_ms"": 3000, ""intended_onset_ms"": 129064.581, ""actual_onset_global_ms"": 129092.952, ""actual_offset_global_ms"": 129948.249, ""actual_duration_ms"": 855.297}]",,,,
017,017_T1_20260425_151123,PCPA,T1,standard,hci_substudy_v2,1,telemetry_v4,flanker,1,formal_block_2,formal,2,17,49,formal,congruent,1777101083,60.037,2026-04-25T15:13:40.551,0,0,0,1,129973.98,129993.384,congruent,right,right,>>>>>,j,j,1,1240.899,131337.403,none,,130073.98,130096.504,131337.403,3000,1240.899,131337.403,"[{""stage_name"": ""fixation"", ""planned_duration_ms"": 100, ""intended_onset_ms"": 129973.98, ""actual_onset_global_ms"": 129993.384, ""actual_offset_global_ms"": 130092.241, ""actual_duration_ms"": 98.857}, {""stage_name"": ""stimulus"", ""planned_duration_ms"": 3000, ""intended_onset_ms"": 130073.98, ""actual_onset_global_ms"": 130096.504, ""actual_offset_global_ms"": 131337.403, ""actual_duration_ms"": 1240.899}]",,,,
017,017_T1_20260425_151123,PCPA,T1,standard,hci_substudy_v2,1,telemetry_v4,flanker,1,formal_block_2,formal,2,18,50,formal,incongruent,1777101083,60.037,2026-04-25T15:13:41.929,0,0,0,1,131352.461,131373.452,incongruent,left,right,>><>>,s,s,1,700.125,132181.15,none,,131452.461,131481.025,132181.15,3000,700.125,132181.15,"[{""stage_name"": ""fixation"", ""planned_duration_ms"": 100, ""intended_onset_ms"": 131352.461, ""actual_onset_global_ms"": 131373.452, ""actual_offset_global_ms"": 131473.852, ""actual_duration_ms"": 100.4}, {""stage_name"": ""stimulus"", ""planned_duration_ms"": 3000, ""intended_onset_ms"": 131452.461, ""actual_onset_global_ms"": 131481.025, ""actual_offset_global_ms"": 132181.15, ""actual_duration_ms"": 700.125}]",,,,
017,017_T1_20260425_151123,PCPA,T1,standard,hci_substudy_v2,1,telemetry_v4,flanker,1,formal_block_2,formal,2,19,51,formal,congruent,1777101083,60.037,2026-04-25T15:13:42.774,0,0,0,1,132197.335,132210.815,congruent,right,right,>>>>>,j,j,1,1396.621,133735.569,none,,132297.335,132338.948,133735.569,3000,1396.621,133735.569,"[{""stage_name"": ""fixation"", ""planned_duration_ms"": 100, ""intended_onset_ms"": 132197.335, ""actual_onset_global_ms"": 132210.815, ""actual_offset_global_ms"": 132333.131, ""actual_duration_ms"": 122.316}, {""stage_name"": ""stimulus"", ""planned_duration_ms"": 3000, ""intended_onset_ms"": 132297.335, ""actual_onset_global_ms"": 132338.948, ""actual_offset_global_ms"": 133735.569, ""actual_duration_ms"": 1396.621}]",,,,
017,017_T1_20260425_151123,PCPA,T1,standard,hci_substudy_v2,1,telemetry_v4,flanker,1,formal_block_2,formal,2,20,52,formal,congruent,1777101083,60.037,2026-04-25T15:13:44.339,0,0,0,1,133760.807,133776.029,congruent,left,left,<<<<<,s,s,1,613.166,134509.586,none,,133860.807,133896.42,134509.586,3000,613.166,134509.586,"[{""stage_name"": ""fixation"", ""planned_duration_ms"": 100, ""intended_onset_ms"": 133760.807, ""actual_onset_global_ms"": 133776.029, ""actual_offset_global_ms"": 133892.221, ""actual_duration_ms"": 116.192}, {""stage_name"": ""stimulus"", ""planned_duration_ms"": 3000, ""intended_onset_ms"": 133860.807, ""actual_onset_global_ms"": 133896.42, ""actual_offset_global_ms"": 134509.586, ""actual_duration_ms"": 613.166}]",,,,
